Firma,Bundesland,PLZ,Ort,Straße
Ars Medendi,Berlin,13503,Berlin,Henningsdorfer Str. 128
Gesundheits- und Rehasportverein Rheinland-Köln e. V.,Baden-Württemberg,70771,Leinfelden-Echterdingen,Max-Eyth-Straße 13
PTZ Höchst,Hessen,65929,Frankfurt am Main,Königsteiner Str. 80
Ilius / Meister GbR,Berlin,12209,Berlin,Ferdinandstrasse 33
Andreas Glasmacher,Nordrhein-Westfalen,50126,Bergheim,Johann-Ruland-Weg 7
Körperwerk Bielefeld,Nordrhein-Westfalen,33739,Bielefeld,Horstmanns Feld 60
Cimini & Riemenschneider GmbH,Saarland,66663,Merzig,Kieserweg 7
Unfallkrankenhaus Berlin Holding GmbH,Berlin,12683,Berlin,Warener Straße 1
Transworld Hotels Germany GmbH,Nordrhein-Westfalen,53804,Much,Bövingen 129
SPORTFORUM Fürth,Bayern,90762,Fürth,Löwenplatz 4/8
Katholische Hospitalvereinigung Weser-Egge gGmbH,Nordrhein-Westfalen,33034,Brakel,Danziger Str. 17
TheraPäd GmbH,Sachsen,4178,Leipzig,Schönauer Landstraße 6
Contilia Therapie und Reha GmbH,Nordrhein-Westfalen,45127,Essen,Rathenaustraße 2
Physiotherapie Mehlhorn GbR,Sachsen-Anhalt,6682,Teuchern,Borkener Str. 21
Uwe Müller,Sachsen,9514,Lengefeld,Wolkensteiner Str.13
Physiotherapie Leeden,Nordrhein-Westfalen,49545,Tecklenburg,Rosenstr. 3
MSK Fitness GmbH,Rheinland-Pfalz,67752,Wolfstein,Am Schwimmbad 5
KKS Klinikum Stadt Soest Service GmbH,Nordrhein-Westfalen,59494,Soest,Senator-Schwartz-Ring 8
Sankt Elisabeth Hospital gemeinnütz.Fördergesellschaft mbH,Nordrhein-Westfalen,33332,Gütersloh,Stadtring Kattenstroh 130
Kulturunternehmung Eilenburg,Sachsen,4838,Eilenburg,Franz-Mehring-Straße 23
Physiotherapie und Rehazentrum,Nordrhein-Westfalen,37688,Beverungen,Blankenauer Strasse 4
mymedicus,Berlin,14057,Berlin,Lietzenseeufer 11
Gesundheitszentrum Walheim,Nordrhein-Westfalen,52076,Aachen,Prämienstraße 42
Regio Reha GmbH,Schleswig-Holstein,25421,Pinneberg,Fahltskamp 74
Ballettschule-Waldniel,Nordrhein-Westfalen,41366,Schwalmtal,Hühnerkamp 6
Physiowerkstatt GmbH,Nordrhein-Westfalen,47447,Moers,Bahnhofstraße 315
Activiver - Rehabilitationssport,Nordrhein-Westfalen,53340,Meckenheim,Am Wiesenpfad 1
Rehasport Thurm,Brandenburg,14656,Brieselang,Am Markt 12
Physiotherapie van Loh,Nordrhein-Westfalen,48165,Münster,Marktallee 22
PhysioConcept,Nordrhein-Westfalen,33719,Bielefeld,Heeperholz 8
Physioline,Nordrhein-Westfalen,59425,Unna,Hansastr. 78c
Physio-Vital-Zentrum,Nordrhein-Westfalen,32105,Bad Salzuflen,Roonstraße 9-13
PfiPH Carmen Erwes,Nordrhein-Westfalen,57439,Attendorn,Hansastraße 4
Physiotherapie Praxis,Nordrhein-Westfalen,33330,Gütersloh,Chemnitzer Str. 13
Mathias-Spital,Nordrhein-Westfalen,48431,Rheine,Frankenburgstr. 31
Nova Physica Corinna Merkel,Baden-Württemberg,74855,Hassmersheim,Lessingstraße 4
Reha am Ring,Nordrhein-Westfalen,45665,Recklinghausen,August-Schmidt-Ring 9
Physiotherapie Beauty & Wellness Center,Sachsen-Anhalt,39240,Calbe,Hospitalstraße 8
Katrin Dressel,Sachsen,4821,Brandis,Pappelallee 10
VITA MED,Rheinland-Pfalz,56567,Neuwied,Im Bremer 71
Life Medical Sports Club,Nordrhein-Westfalen,58730,Fröndenberg,Harthaer Platz 1
actiwita Vitalstudio,Nordrhein-Westfalen,53340,Meckenheim,Mühlengrabenstraße 27
Pentling Gesundheitszentrum GmbH,Nordrhein-Westfalen,59457,Werl,Allener Str. 35
Auszeit Physiotherapie,Sachsen,1774,Klingenberg,Hauptstraße 5a
Physiotherapie Jung,Nordrhein-Westfalen,57462,Olpe,In der Wüste 1
Kneipp-Bund Landesverband Niedersachsen-Bremen e.V.,Niedersachsen,29221,Celle,Jägerstr. 20a
RMT GmbH,Mecklenburg-Vorpommern,17207,Röbel,Gotthunskamp 14
Kindel & Thienenkamp GbR,Nordrhein-Westfalen,33175,Bad Lippspringe,Detmolder Straße 221-225
DJK TuS Ruhrtal Witten e.V.,Nordrhein-Westfalen,58454,Witten,Kreisstraße 96
Lady-Fitness,Nordrhein-Westfalen,40880,Ratingen,Kaiserswerther Str.67
Physiotherapie Praxis Zuidberg,Nordrhein-Westfalen,47839,Krefeld,St.Huberter Landstraße 12
Rehasport Ayes für Frauen,Nordrhein-Westfalen,47166,Duisburg,Schreckerstr. 16
SAGO GmbH,Baden-Württemberg,78048,Villingen-Schwenningen,Wilhelm-Binder-Str. 15
PK Fit & Gesund - Ihr Gesundheitsstudio,Sachsen,1156,Dresden,Gompitzer Höhe 2
Aktivita Physiotherapie,Nordrhein-Westfalen,33106,Paderborn,Alter Hellweg 49
rehaaktiv-Steinbeck,Nordrhein-Westfalen,49509,Recke,Kirchstraße 21
medicoreha Welsink Rehabilitation GmbH,Nordrhein-Westfalen,50935,Köln,Werthmannstr. 1c
Kmiecik & Klotz GbR,Rheinland-Pfalz,53424,Remagen,Sinziger Str. 29
Physiotherapie Wenholthausen,Nordrhein-Westfalen,59889,Eslohe,Südstr. 41
Kur-und Touristikunternehmen der Stadt Bad Salzungen AöR,Thüringen,36433,Bad Salzungen,Am Flösrasen 1
Therapiezentrum BEER,Thüringen,4617,Rositz,Am Wasserturm 2
Physio Point,Nordrhein-Westfalen,37671,Höxter,An der Kilianikirche 8
PAT Club & Gesundheitscenter,Nordrhein-Westfalen,33607,Bielefeld,Bleichstraße 134
Rehasport Ückendorf,Nordrhein-Westfalen,45886,Gelsenkirchen,Osterfeldstraße 14
iQ - Fitness im Quartier,Baden-Württemberg,77871,Renchen,Teichmatt 7a
der sport- und rehaverein im gesundheitszentrum in bad waldliesborn e.v.,Nordrhein-Westfalen,59556,Lippstadt,Quellenstr. 60
Praxis für Physiotherapie Andreas R. Dörfer,Thüringen,7318,Saalfeld,Grüne Mitte 17
Vip 'n' Fit Zentrum für Frauenfitness und Gesundheitssport,Berlin,13595,Berlin,Pichelsdorfer Str. 31
Sportcentrum Berghausen GmbH & Co.KG,Nordrhein-Westfalen,40764,Langenfeld,Baumberger Straße 89
Zentrum für ambulante Physiotherapie,Sachsen-Anhalt,6484,Quedlinburg,Bahnhofstraße 15
Schlaubetzraining Frankfurt(Oder) GmbH,Brandenburg,15234,Frankfurt (Oder),Goetherstrasse 9A
Gesundheit bewegt GmbH,Nordrhein-Westfalen,47918,Tönisvorst,Maysweg 10h
Physiotherapie Esther Kocsis,Berlin,10627,Berlin,Wilmersdorfer Str. 54
"Gesellschaft für Prävention, Therapie und Förderung der Gesundheit GbR",Sachsen-Anhalt,38820,Halberstadt,Bismarckstr. 63
KiB mobil GmbH - Praxis für Mototherapie u.,Nordrhein-Westfalen,48249,Dülmen,Am Schloss 1
G.O.T. GmbH + Co. KG,Nordrhein-Westfalen,50737,Köln,Neusser Str. 725
Praxis für Physiotherapie Schottkowski,Rheinland-Pfalz,56218,Mülheim-Kärlich,Gebrüder-Pauken-Straße 15a
AlbPhysio GbR,Baden-Württemberg,72525,Münsingen,Wolfgartenstraße 43
M&S Sportanlagen GmbH,Nordrhein-Westfalen,45731,Waltrop,Leveringhäuser Str. 136
Aktiva,Rheinland-Pfalz,67714,Waldfischbach-Burgalben,Schillerstr. 1
treibgut - Sport und Wohlbefinden,Nordrhein-Westfalen,48268,Greven,Saerbecker Straße 141
Möve Rehazentrum,Nordrhein-Westfalen,44339,Dortmund,Minister-Stein-Allee 2
Physiotherapie im aqua-vitalis,Nordrhein-Westfalen,48145,Münster,Andreas-Hofer-Str. 72-76
Ambulantes Rehabilitations- und Therapiezentrum,Nordrhein-Westfalen,44141,Dortmund,Feldstraße 77
"Freizeit-, Gesundheits- und Breitensportverein Dorsten-Wulfen 2018 e.V.",Nordrhein-Westfalen,46286,Dorsten,Wulfener Markt 5
Aktivo Training & Reha GmbH,Nordrhein-Westfalen,51143,Köln,Houdainer Str. 2-4
Physiofit-Ruhrtal,Nordrhein-Westfalen,58640,Iserlohn,Leckingser Strasse 201
myoloft Fitnessclub,Baden-Württemberg,76448,Durmersheim,Malscher Str. 18
Holger Pante,Nordrhein-Westfalen,33617,Bielefeld,Grenzweg 21
Praxis für Physiotherapie,Nordrhein-Westfalen,33378,Rheda-Wiedenbrück,Nadelstr. 8
OmReha,Nordrhein-Westfalen,42117,Wuppertal,Friedrich-Ebert Str.141
Praxis für Physiotherapie und KG,Nordrhein-Westfalen,40211,Düsseldorf,Hohenzollernstr. 5
DANTRIM,Nordrhein-Westfalen,41564,Kaarst,Ludwig-Erhard-Str. 10
Bäderbetriebsgesellschaft Oldenburg mbH,Niedersachsen,26122,Oldenburg,Am Schloßgarten 15
B. Rankl-Röttger & Sabine Reute GbR,Nordrhein-Westfalen,46562,Voerde,Bülowstraße 19
AS Therapie GmbH,Nordrhein-Westfalen,57439,Attendorn,Nordwall 1
Reha-Sportzentrum Suhl,Thüringen,98529,Suhl,Würzburger Str. 74
Bewusst Bewegen,Nordrhein-Westfalen,47829,Krefeld,Traarer Str. 81
MEDOBS Physiotherapie und Training,Baden-Württemberg,88239,Wangen,Siemensstraße 12
well.come Fitness-Club,Nordrhein-Westfalen,53840,Troisdorf,Sieglarer Str. 4
Thomas Weskamp,Nordrhein-Westfalen,53332,Bornheim,Servatiusweg 19-23
ABASA Gesundheitsport UG,Brandenburg,15890,Eisenhüttenstadt,Oderlandstraße 22
Actic Fitness im 4Elements,Nordrhein-Westfalen,59379,Selm,Sandforter Weg 2
Activ Health Präventions-u.Gesundheitssportverein Berlin e.V,Berlin,10365,Berlin,Herzbergstraße 87-99
Activa Physiotherapie,Nordrhein-Westfalen,44649,Herne,Wilhelmstraße 9-13
"Activa Praxis für PT, Prävention und Rehabilitation",Nordrhein-Westfalen,34431,Marsberg,Paulinenstraße 1
Active Fitness & Gesundheits Center GmbH,Nordrhein-Westfalen,52525,Heinsberg,Josef-Melchers-Str. 4
activeLady,Rheinland-Pfalz,56566,Neuwied,Breslauer Str. 55
ActiVity,Rheinland-Pfalz,76726,Germersheim,Münchener Str. 14
actiwita Vitalstudio,Nordrhein-Westfalen,52134,Herzogenrath,Roermonderstr. 63
actiwita Vitalstudio,Nordrhein-Westfalen,41179,Mönchengladbach,Gladbacher Str. 5
actiwita Vitalstudio Bonn,Nordrhein-Westfalen,53177,Bonn,Villichgasse 2
ADEN Gesundheitstraining,Berlin,12203,Berlin,Gardeschützenweg 84
"Ag Diabetes, Sport und Bewegung",Nordrhein-Westfalen,59427,Unna,Billmericher Dorfstraße 4d
agil Ahnsen,Niedersachsen,38536,Meinersen,Sandgarten 4
Aktiv Center,Nordrhein-Westfalen,32369,Rahden,Eisenbahnstraße 52
"AKTIV Training, Therapie und Reha",Nordrhein-Westfalen,59423,Unna,Nordring 35
Aktive-Physio GbR - Detlef & Sarah Schneider,Nordrhein-Westfalen,45276,Essen,Bochumer Straße 45
aktivo Gesundheitspartner GmbH,Niedersachsen,38114,Braunschweig,Hamburger Straße 277
Alexianer St. Joseph Berlin-Weißensee GmbH,Berlin,13088,Berlin,Gartenstraße 1
Allgemeiner Rather Turnverein 1877/90 Düsseldorf e.V.,Nordrhein-Westfalen,40472,Düsseldorf,Wilhelm-Unger-Str. 5
Allround Gesundheitssport Niederrhein e.V.,Nordrhein-Westfalen,47533,Kleve,Gertrud-Boss-Str. 4a
Ambulante Reha am Krankenhaus GmbH,Nordrhein-Westfalen,52146,Würselen,Bahnhofstr. 30-34
Ambulantes Reha- und Sportzentrum am Comeniusberg GmbH,Sachsen,8523,Plauen,Comeniusstr. 15a
Ambulantes Reha Zentrum Buchholz GmbH,Niedersachsen,21244,Buchholz,Wenzendorfer Str.9
Ambulantes Rehabilitationszentrum Oldenburg gGmbH,Niedersachsen,26133,Oldenburg,Brandenburger Str. 31
Ambulantes Therapiezentrum in der m&i Fachklinik Bad Pyrmont,Niedersachsen,31812,Bad Pyrmont,Auf der Schanze 3
Amilu Health GmbH,Hessen,61440,Oberursel,Holzweg 14
Ammerland Praxis,Niedersachsen,26655,Westerstede,Kuhlenstraße 5
Andrea Medrow,Nordrhein-Westfalen,50969,Köln,Vorgebirgstraße 116
Ankari Fitness GmbH,Nordrhein-Westfalen,58708,Menden (Sauerland),Eilinger Kamp 23
Ankari-Fitness Rehabilitationssport e.V.,Nordrhein-Westfalen,58710,Menden,Lendringser Hauptstr. 57-63
Aqua Prävention,Nordrhein-Westfalen,40211,Düsseldorf,Klosterstr. 61b
AQUILA - REHA GmbH,Nordrhein-Westfalen,51373,Leverkusen,Robert-Blum-Str. 21
arena22 Dirk Neumann,Baden-Württemberg,74252,Massenbachhausen,Vogelsangstr.6
Arheilger Physiotherapiezentrum,Hessen,64291,Darmstadt,Frankfurter Landstr. 152
Ars Vivendi Fitnessclub GmbH,Brandenburg,16761,Hennigsdorf,Havelplatz 1-5
ASC Ratingen West von 1973 e.V.,Nordrhein-Westfalen,40880,Ratingen,Gothaer Str. 23
ASV-ViT das Fitnessstudio d. allg. SV Tönisheide e.V.,Nordrhein-Westfalen,42553,Velbert,Günter-Kratz-Weg 3-5
Athera GmbH,Nordrhein-Westfalen,45127,Essen,Gänsemarkt 1
ATZ Delbrück GmbH,Nordrhein-Westfalen,33129,Delbrück,Oststr. 2-4
B.A. Sportwissenschaften Lars Just,Hessen,63456,Hanau,Odenwaldstraße 28
B1 Sport & Freizeitanlagen Betreiber GmbH,Brandenburg,15566,Schöneiche,August - Borsig - Ring 09
Balance Fitness,Nordrhein-Westfalen,42555,Velbert,Alte Poststraße  40
Balance-Flensburg Reha und Therapie GmbH - balance Fitness,Schleswig-Holstein,24943,Flensburg,Engelsbyer Str. 65
Bali-Fitness GbR,Niedersachsen,26169,Friesoythe,Alte Meeschen 17
Bauke van der Velden Rehasport,Nordrhein-Westfalen,42369,Wuppertal,Staubenthalerstr. 20
BEObewegt,Nordrhein-Westfalen,33014,Bad Driburg,Lange Str. 104 b
Berliner Turn- und Freizeitsport-Bund e.V.,Berlin,12157,Berlin,Vorarlberger Damm 39
Bernd Mies,Berlin,13503,Berlin,Norddorfer Pfad 8
bever fit,Nordrhein-Westfalen,48346,Ostbevern,Hauptstr. 86
Bewegungsfreiheit,Nordrhein-Westfalen,53121,Bonn,Bunsenstr. 5
Bewegungsfreiheit,Rheinland-Pfalz,54634,Bitburg,Am Tower 14
"BiAktiv, Reha- und Gesundheitssport Bielefeld e.V.",Nordrhein-Westfalen,33617,Bielefeld,Grenzweg 3
Bielefelder Kampfsport Schule,Nordrhein-Westfalen,33619,Bielefeld,Wertherstraße 274
Binger Gesundheitssportverein e.V.,Rheinland-Pfalz,55411,Bingen,Alfred-Nobel-Str. 4
Biodynamische Praxen Zentrum,Sachsen,4109,Leipzig,Ranstädter Steinweg 18
BKM Physical Center Fitness GmbH,Niedersachsen,30900,Wedemark,Im Winkel 27
Bobbel's GmbH Sport und Freizeit,Nordrhein-Westfalen,41366,Schwalmtal,Vogelsrather Weg 1-5
Body und Health Rehazentrum GmbH,Berlin,10787,Berlin,Kleiststr. 23-26
Breitensportclub BSC e.V.,Niedersachsen,49086,Osnabrück,Siemensstraße 9-11
Brizzis Projekt Gesundheit GmbH,Hessen,34613,Schwalmstadt,Schimmelpfengstrasse 6
CeOS Physiotherapie,Baden-Württemberg,77855,Achern,Rennwiese 1
CH Fitness & Saunaland OHG,Schleswig-Holstein,25337,Elmshorn,Daimlerstraße 8
Christian Kache e.K.,Nordrhein-Westfalen,33334,Gütersloh,Dieselstraße 41
Christophorus Therapie und Gesundheit GmbH,Nordrhein-Westfalen,48653,Coesfeld,Poststraße 5
CityRehaRheine,Nordrhein-Westfalen,48431,Rheine,Bahnhofstrasse 1
CORe Therapie GmbH,Nordrhein-Westfalen,50181,Bedburg,Humboldtstr. 4
CorpoMedic,Baden-Württemberg,76275,Ettlingen,Dieselstrasse 54
CP Physioline GmbH & Co. KG,Nordrhein-Westfalen,59069,Hamm,Dambergstr. 13-15
cube of mobility GmbH,Hessen,64673,Zwingenberg,Im Wiesengrund 32
Czybulka Physiotherapie,Nordrhein-Westfalen,53340,Meckenheim,Bahnhofstraße 25
Deltha Fitness,Niedersachsen,27751,Delmenhorst,Twistringer Straße 3
Die Wirbelsäule,Rheinland-Pfalz,76855,Annweiler am Trifels,Hauptstraße 60
Dreifaltigkeits-Krankenhaus Wesseling,Nordrhein-Westfalen,50389,Wesseling,Bonner Str. 84
DRK Kreisverband Speyer e.V.,Rheinland-Pfalz,67346,Speyer,Karl Leilling Allee 5
DRK O.V. Versmold,Nordrhein-Westfalen,33775,Versmold,Ravensbergerstr. 39 a
DynamikRaum Physiotherapie,Rheinland-Pfalz,55543,Bad Kreuznach,Ludwig Kientzler Straße 5
EAST FITNESS & SPORTSCLUB GmbH,Nordrhein-Westfalen,59457,Werl,Hammer Straße 99
easy Fit GmbH,Baden-Württemberg,78050,Villingen-Schwenningen,Niederwiesenstraße 36
EB Gesundheitsstudio GmbH,Sachsen,4838,Eilenburg,Am Alten Celluloidwerk 6
ego vital GmbH,Nordrhein-Westfalen,32839,Steinheim,Flurstr. 10 b
Eifelfit GmbH,Rheinland-Pfalz,56864,Bad Bertrich,Auf der Sees
Elithera Gesundheitszentrum Bonn-Dottendorf,Nordrhein-Westfalen,53129,Bonn,Droste-Hülhshoff-Straße 1
Elithera Gesundheitszentrum Ilmenau,Thüringen,98693,Ilmenau,Am Vogelherd 10
Energym OHG Oppermann und Arendt,Nordrhein-Westfalen,40235,Düsseldorf,Bruchstraße 78
Ergo- & Physiotherapie Stock,Nordrhein-Westfalen,51377,Leverkusen,Teltower Str. 13-19
es.te services GmbH,Berlin,13585,Berlin,Eiswerderstraße 20
Euregio-Reha-Zetrum gGmbH,Nordrhein-Westfalen,52249,Eschweiler,Englerthstr. 49
eVital,Rheinland-Pfalz,54666,Irrel,Talstraße 3
Evo Physio GbR,Nordrhein-Westfalen,41069,Mönchengladbach,Liverpooler Allee 32
Exclusive Medizinisches Fitnesstraining,Niedersachsen,48465,Schüttorf,Holmers Kamp 12
Exterphysio,Nordrhein-Westfalen,32699,Extertal,Hackemackweg 1
F1 First Fitness,Sachsen-Anhalt,38855,Wernigerode,Schmatzfelder Straße 7a
Fachklinik Weserland,Niedersachsen,31812,Bad Pyrmont,Vogelreichsweg 49
Family-Fitness,Hessen,37213,Witzenhausen,Bornemannweg 8
FAP Physio GmbH,Berlin,12435,Berlin,Elsenstr. 113
Feminin Fitness Herne UG,Nordrhein-Westfalen,44623,Herne,Bochumer Str. 79
Figura Abnehmakademie GmbH,Berlin,12683,Berlin,Warener Str. 1
Fit durch Bewegung - Carsten Appel,Hessen,63683,Ortenberg,Am Bahndamm 10
FIT FOR LIFE,Rheinland-Pfalz,67657,Kaiserslautern,Kopenhagener Str. 1
FitFabrik e.K.,Baden-Württemberg,75417,Mühlacker,Industriestr. 55
fitINN GmbH,Brandenburg,16515,Oranienburg,Berliner Straße 40
Fitklusiv GmbH,Nordrhein-Westfalen,51371,Leverkusen,Overfeldweg 7
Fitness & Wohlfühlen -  Roland Borgmann,Nordrhein-Westfalen,47661,Issum,Vogt-von-Belle-Platz 6
Fitness Center Just sport's GmbH,Nordrhein-Westfalen,47198,Duisburg,Am alten Schacht 8
Fitness Class,Sachsen-Anhalt,39112,Magdeburg,Halberstädter Straße 21
Fitness Company Berlin,Berlin,10243,Berlin,Rüdersdorfer Str. 71
fitness ecke,Nordrhein-Westfalen,57290,Neunkirchen,Boschstr.2
Fitness Guxhagen GmbH & Co. KG,Hessen,34302,Guxhagen,Am Fuldaberg 1a
Fitness Lounge UG & Co.KG,Thüringen,98617,Meiningen,Neu-Ulmer-Str. 31
Fitness Point Recklinghausen GmbH,Nordrhein-Westfalen,45657,Recklinghausen,Hubertusstr. 47-49
Fitness- und Freizeit Center Pfungstadt GmbH,Hessen,64319,Pfungstadt,Rollweg 6
Fitness&Gesundheitssport Kerstin Mörsel,Thüringen,4626,Löbichau,Am Sportplatz 36
Fitnesscenter Heide,Brandenburg,16247,Joachimsthal,Mühlenstr. 42a
Fitness-Center Schmitt GmbH,Rheinland-Pfalz,66916,Breitenbach,Lautenbacher Straße 27
Fitnessclub Böbingen GmbH,Baden-Württemberg,73560,Böbingen,Am Barnberg 14
fitnessfuchs,Thüringen,98596,Brotterode-Trusetal,Köhlerwiese  16
Fitness-Fun Bodycheck GmbH,Rheinland-Pfalz,56112,Lahnstein,Bürgermeister-Müller-Str. 2
Fitness-Sport Neugebauer,Nordrhein-Westfalen,46282,Dorsten,Falkenstraße 18 - 20
Fitnessstudio Megafit,Niedersachsen,37197,Hattorf am Harz,Otto Escher Straße 15b
five stars fitness/ ABC Fitness GmbH,Nordrhein-Westfalen,45133,Essen,Heinrich-Held-Str. 39
Förderverein Kuren in Essen e.V.,Nordrhein-Westfalen,45131,Essen,Lührmannstraße 70
fourty fit Gesundheitsstudio,Berlin,12203,Berlin,Gardeschützenweg 57
Frank Bender Physiotherapie & Rehasport,Nordrhein-Westfalen,34431,Marsberg,Dütlingstalweg 10
Frehe + Watzl Therapie GmbH,Berlin,12277,Berlin,Daimlerstraße 112
Freizeitpark Obernautal Netphen GmbH,Nordrhein-Westfalen,57250,Netphen,Brauersdorfer Str. 62
FSF - Kommunaler Eigenbetrieb - Freizeitbad schwapp,Brandenburg,15517,Fürstenwalde,Große Freizeit 1
Fysio Frings,Nordrhein-Westfalen,47877,Willich,Hochstr. 101
GEA Gesundheitszentrum Erik Blechner & Marietta Neu GbR,Baden-Württemberg,78315,Radolfzell,Untertorstraße 9
GEFABA GmbH - Sportstudio Potsdam,Brandenburg,14480,Potsdam,Nuthedamm 29
Gemeinschaftspraxis Fastabend/Bartschat-Janßen,Niedersachsen,49808,Lingen,Lookenstrasse 24
Gesund & Fit e.V.,Nordrhein-Westfalen,48619,Heek,Strootkamp 7
Gesund & Fit Reha-Sport e.V. - Zentrale,Nordrhein-Westfalen,44357,Dortmund,Richterstraße 68
Gesund bewegen - IntuMove Ug,Nordrhein-Westfalen,33739,Bielefeld,Enzianweg 4
Gesundheit & Reha Vital e.V.,Hessen,35619,Braunfels,Herrngarten 2
Gesundheits- & Therapielounge Greiz,Thüringen,7973,Greiz,Werdauer Straße 5
Gesundheits- und Rehabilitations-Zentrum Niederwenigern,Nordrhein-Westfalen,45529,Hattingen,Essener Straße 53a
Gesundheits- und Rehasport der Rücken Vital-Zentrum e.V.,Niedersachsen,49196,Bad Laer,Grüner Weg 1
Gesundheits- und Rehasport Köthen e.V.,Sachsen-Anhalt,6366,Köthen,Aribertstr. 21
Gesundheits Zentrum Karken,Nordrhein-Westfalen,52525,Heinsberg,Prunkstr. 15
Gesundheitssport der Pro Aktiv Reha-Zentren e.V.,Baden-Württemberg,71364,Winnenden,Industriestraße 6
Gesundheitssport Lütten-Klein e.V.,Mecklenburg-Vorpommern,18107,Rostock,Trelleborg Straße 10b
Gesundheitssport Steinfurt e.V.,Nordrhein-Westfalen,48565,Steinfurt,Wasserstraße 24
Gesundheitssport Verein Ansbach e.V.,Bayern,91522,Ansbach,Endresstraße 46
Gesundheitssport WW e.V.,Rheinland-Pfalz,56470,Bad Marienberg,Gartenstraße 45
Gesundheitssportverein Leipzig e.V.,Sachsen,4109,Leipzig,Lessingstraße 1
Gesundheitssportverein Wilsdruff e.V.,Sachsen,9629,Steinbach,Helbigsdorfer Straße 30
Gesundheitstraining Petra Schneider,Baden-Württemberg,77736,Zell am Harmersbach,Buchenwaldstr. 15
"Gesundheitszentrum ""Zur Schanze""",Sachsen,1157,Dresden,Pennricher Straße 30
Gesundheitszentrum Abele,Rheinland-Pfalz,67677,Enkenbach-Alsenborn,Kaiserslauterer Str. 22
GesundheitsZentrum am Ausee,Nordrhein-Westfalen,46483,Wesel,Freybergweg 4
Gesundheitszentrum Bochum-Wattenscheid GmbH GZB,Nordrhein-Westfalen,44866,Bochum,Alter Markt 1
Gesundheitszentrum Harlekin e.K. Björn Uhlhorn,Bremen,28201,Bremen,Beginenhof 1-7
Gesundheitszentrum im Krankenhaus Porz am Rhein,Nordrhein-Westfalen,51149,Köln,Urbacher Weg 25
Gesundheitszentrum Kaiser GmbH,Nordrhein-Westfalen,53840,Troisdorf,Roncallistraße 51
Gesundheitszentrum Knörnschild,Bayern,95032,Hof,Äußere Bayreuther Str. 8
Gesundheitszentrum Panorama Therme,Baden-Württemberg,72660,Beuren,Am Thermalbad 5
Gesundheitszentrum Physio Balance Praxis für Physiotherapie,Sachsen-Anhalt,39217,Schönebeck,Magdeburger Chaussee 6 d
Gesundheitszentrum Schieder,Nordrhein-Westfalen,32816,Schieder-Schwalenberg,Im Kurpark 3
Gesundheitszentrum St. Rochus Hospital,Nordrhein-Westfalen,44575,Castrop-Rauxel,Glückaufstraße 10
Gesundheitszentrum Straelen,Nordrhein-Westfalen,47638,Straelen,Junkersstr. 4
Gesundheitszentrums Michalski GmbH,Thüringen,98527,Suhl,Pfütschbergstraße 2
GETICS Gesundheits- und Athletikzentrum GmbH,Nordrhein-Westfalen,40235,Düsseldorf,Flinger Broich 91a
Glücksburger Bad,Nordrhein-Westfalen,44799,Bochum,Glücksburger Str. 14
"Goldman, van Leeuwen & Friso",Nordrhein-Westfalen,46562,Voerde,Böskenstraße 4
greengym Berlin,Berlin,10405,Berlin,Immanuelkirchstr. 3-4
Grenzenlos Gesund e.V.,Nordrhein-Westfalen,52538,Selfkant,Hoferweg 14
GYM Therapiezentrum Nordheide,Niedersachsen,21376,Salzhausen,Bahnhofstraße 16
GYM-24 GmbH,Baden-Württemberg,71083,Herrenberg,Ohmstraße 3
GYM49 GmbH & Co. KG,Niedersachsen,49419,Wagenfeld,Hasslinger Weg 36
GYMSTAR Meckenheim GmbH,Nordrhein-Westfalen,53340,Meckenheim,Mühlgrabenstraße 27
Happy Fitness,Baden-Württemberg,74831,Gundelsheim,Gottlieb-Daimler-Straße 50
Heidi Egbert Krankengymnastik und Ergotherapie,Nordrhein-Westfalen,49477,Ibbenbüren,Robert-Koch-Str. 2-4
Herzpark Mönchengladbach GmbH,Nordrhein-Westfalen,41169,Mönchengladbach,Louise-Gueury-Str. 400
iFitnessClub Ludwigsfelde GmbH,Brandenburg,14974,Ludwigsfelde,Potsdamer Str. 51 - 53
Impuls Fit GmbH,Thüringen,7356,Bad Lobenstein,Oberlemnitzer Weg 4a
Impuls Fitness & Gesundheitszentrum,Baden-Württemberg,74532,Ilshofen,Crailsheimer Straße 18
Impuls Fitness Club GmbH & Co. KG,Niedersachsen,26135,Oldenburg,Bremer Heerstraße 424
Impuls Fitness Herne,Nordrhein-Westfalen,44625,Herne,Herforder Str. 11
Impuls Fitness&Gesundheits Club,Schleswig-Holstein,25761,Büsum,Tertius-Törn 39
INJOY Braunschweig GmbH,Niedersachsen,38112,Braunschweig,Daimlerstraße 6
INJOY Köln-Wahn,Nordrhein-Westfalen,51147,Köln,Albin-Köbis-Straße 3
inoges Holding GmbH,Nordrhein-Westfalen,47803,Krefeld,Konrad-Adenauer-Platz 1
Institut für aktive Gesundheitsvorsorge,Nordrhein-Westfalen,45472,Mülheim,Honigsberger Str. 61
INTHERA - Interdisziplinäre Lehrpraxis GmbH,Nordrhein-Westfalen,48431,Rheine,Sprickmannstraße 92-108
invivo Physiotherapie am Ostentor,Nordrhein-Westfalen,58239,Schwerte,Am Ostentor 9
Isomed Kamen Reha Kamen,Nordrhein-Westfalen,59174,Kamen,Lünener Str. 64
Jumpin' Physiotherapie,Sachsen,1127,Dresden,Bürgerstr.74
Just More Fitness Bergneustadt,Nordrhein-Westfalen,51702,Bergneustadt,Kölner Str. 404
Just More Fitness Lennestadt,Nordrhein-Westfalen,57368,Lennestadt,Im Wigey 3
Kabra Training GmbH,Nordrhein-Westfalen,44137,Dortmund,Rheinische Str. 41
Kai Mehrens PHYSIOWORLD,Schleswig-Holstein,23775,Großenbrode,Südstrand 1
KH Maria-Hilf GmbH Krefeld KreVital Institut,Nordrhein-Westfalen,47805,Krefeld,Oberdießemerstr.136
Kintro GmbH,Nordrhein-Westfalen,47807,Krefeld,Erkelenzer Straße 81-83
Kneippbund-LV NRW e.V.,Nordrhein-Westfalen,45355,Essen,Marktstr. 34
Kneipp-Verein Schorndorf e.V.,Baden-Württemberg,73614,Schorndorf,Grabenstr. 28
Köler GbR,Hessen,63526,Erlensee,Leipzigerstr. 47
Konsultti  Tobias Daennart,Nordrhein-Westfalen,41569,Rommerskirchen,Bunzlauer Weg 11
KORPEO GmbH & Co KG,Hessen,60318,Frankfurt am Main,Oeder Weg 2-4
Körper & Geist Physiotherapie,Brandenburg,15299,Müllrose,Gewerbeparkring 33
Körper & Seele Physiotherapie,Sachsen-Anhalt,39218,Schönebeck,Badepark 3
Körpercentrum Hohlfeld,Sachsen,1067,Dresden,Könneritzstraße 31
Körpermanufaktur Sabrina Schoofs,Nordrhein-Westfalen,47608,Geldern,Winnekendonker Str. 23
Körpermitte - Praxis für Physiotherapie Eileen Schlieker,Nordrhein-Westfalen,37671,Höxter,Holzmindener Straße 15
Körperwelt Fitness- und Rehazentrum UG,Hessen,37213,Witzenhausen,Bischhäuser Aue 12
Körperwerkstatt- Praxis für Physiotherapie,Nordrhein-Westfalen,32351,Stemwede,Propsteiweg 2
KraftPLUS,Nordrhein-Westfalen,44627,Herne,Mont-Cenis-Str. 267 a
Krankengymnastik V. Spentzas,Nordrhein-Westfalen,49525,Lengerich,Zur alten Gießerei 1
Krankengymnastik Voß,Nordrhein-Westfalen,44799,Bochum,Stiepeler Str. 22
Kreuz-Punkt GmbH,Rheinland-Pfalz,56457,Westerburg,Hergenrother Strasse 2a
Krüger Physiotherapie,Niedersachsen,21762,Otterndorf,Cuxhavener Str. 21
Kur- und Badehaus,Hessen,34131,Kassel,Wilhelmshöher Allee 361
Kurbetriebe der Stadt Bad Breisig Römer-Thermen,Rheinland-Pfalz,53498,Bad Breisig,Albert-Mertes-Straße 11
Kurhaus im Grugapark gGmbH,Nordrhein-Westfalen,45131,Essen,Lührmannstraße 70
La Corpa,Hessen,34537,Bad Wildungen,Industriestr. 10
Lady Vital Fitnessstudio,Hessen,36179,Bebra,Mühlenstrasse 2-6
Lagune Cottbus GmbH,Brandenburg,3044,Cottbus,Sielower Landstr. 19
Lahn-Dill-Kliniken GmbH,Hessen,35578,Wetzlar,Forsthausstraße 1-3
Leif Bosch,Nordrhein-Westfalen,47198,Duisburg,Halenerstr. 78
Lieser Fitness,Rheinland-Pfalz,67141,Neuhofen,Industriestraße 22
Life and Art,Baden-Württemberg,74564,Crailsheim,Werner-von-Siemens-Str. 21
LifeForce,Baden-Württemberg,74564,Crailsheim,Werner von Siemensstr. 6
Living Gesundheit & Fitness,Thüringen,99817,Eisenach,Frauenplan 8
Luisenhospital Aachen,Nordrhein-Westfalen,52064,Aachen,Boxgraben 99
Marcus Krüger - Gesundheitszentrum,Nordrhein-Westfalen,33649,Bielefeld,Carl-Severing-Straße 77
Mariposa Kell am See GbR,Rheinland-Pfalz,54427,Kell am See,Raiffeisenplatz 1
Martineum Altenhilfe gemein. Betriebsgesellschaft mbH,Nordrhein-Westfalen,45276,Essen,Augenerstr. 36
Marzena Jostes,Nordrhein-Westfalen,33102,Paderborn,Ransohoffweg 10
Max Sport Freizeit u. Fitness GmbH & Co. KG,Nordrhein-Westfalen,57439,Attendorn,Am Eckenbach 22
MCR Physioteam,Nordrhein-Westfalen,47119,Duisburg,Ruhrorter Str. 195
Med. Fitness und Physiotherapie,Baden-Württemberg,97896,Freudenberg,Am Brennplatz 5
Medi - Zentrum Neumann,Rheinland-Pfalz,54516,Wittlich,Kurfürstenstraße 37
MEDI Zentrum,Baden-Württemberg,74538,Rosengarten,Schollenäcker 2
Median AGZ Düsseldorf,Nordrhein-Westfalen,40221,Düsseldorf,Fährstraße 1
MEDIAN Ambulantes Gesundheitszentrum Leipzig GmbH,Sachsen,4109,Leipzig,Käthe-Kollwitz-Straße 8-10
Medical Concept,Rheinland-Pfalz,66909,Herschweiler-Pettersheim,Hauptstrasse 144
Medico Fitness- und Gesundheitszentrum GmbH,Nordrhein-Westfalen,44319,Dortmund,Hildebrandtstr. 7
Medico Therapiezentrum Norbert Rößeling,Niedersachsen,30453,Hannover,Heisterbergallee 105
medicos.Osnabrück GmbH,Niedersachsen,49080,Osnabrück,Weidenstr. 2-4
Medictrain GmbH,Nordrhein-Westfalen,52156,Monschau,Trierer Str. 89
Medifit GmbH,Thüringen,7743,Jena,Michael-Häußler-Weg 12
Medifit Moers,Nordrhein-Westfalen,47441,Moers,Repelener Str. 2
Medifit TZT Telgte GmbH,Nordrhein-Westfalen,48291,Telgte,Gildeweg 4a
MEDIPARG GmbH,Hessen,60594,Frankfurt am Main,Schulstraße 31
Medi-Sport-Gym,Hessen,36251,Bad Hersfeld,Kleine Industriestr. 2a
MediTrain Rehasport e.V.,Nordrhein-Westfalen,41542,Dormagen,An der Sausweide 6
MedReha Lahn-Dill GmbH,Hessen,35578,Wetzlar,Forsthausstraße 1-3
MEIN CLUB - be fit UG,Nordrhein-Westfalen,41751,Viersen,Viersener Straße 99a
Michael Lins,Brandenburg,16348,Wandlitz,Waldweg 3c
MiLa Fit GmbH,Nordrhein-Westfalen,59469,Ense,Zur Waterlappe 7
Millennium Sports Franke & Franke GbR,Nordrhein-Westfalen,34414,Warburg,Kasseler Tor 17
Move Kids - Mauro Enge,Nordrhein-Westfalen,48431,Rheine,Elpersstiege 53
moves Gesundheitsstudio Buxtehude GmbH & Co. KG,Niedersachsen,21614,Buxtehude,Stieglitzweg 4
MRM gGmbH,Sachsen-Anhalt,6112,Halle (Saale),Merseburger Str. 41
musculus,Niedersachsen,28816,Stuhr,Bremer Weg 1
MYGYM Feldstetten,Baden-Württemberg,89150,Feldstetten,Delaustrasse 7
MYOKRAFT Physiotherapie GmbH,Nordrhein-Westfalen,47623,Kevelaer,Neustraße 15
Naturmethode e.V.,Sachsen,1328,Dresden,Bautzner Landstr.279
n-ergy Fitness-Center,Nordrhein-Westfalen,32839,Steinheim,Billerbecker Str. 77
Neukirchener Turnverein 1886 e. V.,Nordrhein-Westfalen,51381,Leverkusen,Burscheider Straße 178
New Galaxy GmbH,Rheinland-Pfalz,55232,Alzey,Talstraße 1
NIB Gmbh & Co.KG,Nordrhein-Westfalen,50933,Köln,Stolberger Str. 307-309
Novamedi SHS GmbH,Nordrhein-Westfalen,33758,Schloß Holte-Stukenbrock,Kaunitzerstraße 46
NOVOTERGUM GmbH,Nordrhein-Westfalen,45219,Essen,Im Teelbruch 118
Olymp Sportpark Dorsten e.V.,Nordrhein-Westfalen,46282,Dorsten,Kirchhellener Allee 100
Olympic-Gesundheitszentrum,Baden-Württemberg,74575,Schrozberg,Blaufendener Straße 8
Orthopädisches Rücken- und Gelenkzentrum Stendal,Sachsen-Anhalt,39576,Stendal,Bismarckstraße 12 - 14
Orthos Sport,Baden-Württemberg,71101,Schönaich,Im Vogelsang 1
Pflegehotel Willingen GmbH,Hessen,34508,Willingen,Zum Kurgarten 11
Physanja Physiotherapie Platzk,Sachsen,2957,Krauschwitz,Muskauer Str.25
Physio & Ergo Fit Hamm GmbH,Nordrhein-Westfalen,59077,Hamm,Fangstraße 8
Physio am Bahnhof - Pohl/Lamprecht GbR,Brandenburg,14473,Potsdam,Altes Bahnwerk 8
physio balance GmbH und Co. KG,Berlin,10369,Berlin,Franz-Jacob-Straße10
Physio Direkt,Nordrhein-Westfalen,41189,Mönchengladbach,Trompeterallee 5
Physio Fit Plus - Bartolomeo Brizzi,Hessen,34613,Schwalmstadt,Schimmelpfengstraße 6
Physio Gym Selina Franke,Thüringen,4600,Altenburg,Wettinerstraße 13
Physio Plus Soest GmbH,Nordrhein-Westfalen,59494,Soest,Oestinghauser Straße 38
Physio Praxis Hohenhausen,Nordrhein-Westfalen,32689,Kalletal,Rintelner Str.15
Physio Rehamed,Hessen,63456,Hanau,Seligenstädter Str. 61
Physio und Ergotherapie - Centrum Pia Gebhardt,Sachsen,9456,Annaberg-Buchholz,Adam-Ries-Straße 57A
Physio- und Ergotherapie Beatrix Zeisler,Berlin,10409,Berlin,Greifswalder Str. 89
Physio und Fitness,Nordrhein-Westfalen,40764,Langenfeld,Schulstraße 1
Physio Vita,Nordrhein-Westfalen,32791,Lage,Rhienstraße 33
Physio Vital 360 - Walter Keizer,Nordrhein-Westfalen,48477,Hörstel,Gelsbach 10
Physio Zentrum Atas,Nordrhein-Westfalen,51709,Marienheide,Hauptstraße 98
Physio Zentrum Meckenheim,Nordrhein-Westfalen,53340,Meckenheim,Auf dem Steinbüchel 8a
PhysioAkti.v Susanne Karsunky,Sachsen,8315,Lauter-Bernsbach,Dietrich Bonhoeffer Straße 11
Physioaktiv,Rheinland-Pfalz,56068,Koblenz,Viktoriastr. 32-36
Physio-aktiv Physiotherapie Andreas Cordes,Schleswig-Holstein,21502,Geesthacht,Bergedorfer Str. 58
PhysioAktivSchilling,Thüringen,4600,Altenburg,Darwinstr.1
"PhysioCenter Kock, ter Stal, de Klein, Appelo",Nordrhein-Westfalen,46236,Bottrop,Horsterstraße 6-8
Physiodom Therapiepraxis Joey Thomas,Rheinland-Pfalz,56766,Ulmen,Eifel-Maar-Park 10
Physio-Fit,Rheinland-Pfalz,53560,Vettelschoß,Erlenweg 3
PHYSIO-FIT,Nordrhein-Westfalen,57368,Lennestadt,Zur Naturbühne 4
PhysioLife Gmbh,Rheinland-Pfalz,55124,Mainz,Am Sägewerk 23
PHYSIOMED SÜD GmbH,Berlin,12355,Berlin,Waßmannsdorfer Chaussee 5
PhysioPlus GmbH Meyer & Meloh,Nordrhein-Westfalen,33378,Rheda-Wiedenbrück,Birnstraße 2
PhysioPlus Praxis für Physiotherapie Anja Kölmel,Baden-Württemberg,76461,Muggensturm,Vogesenstr. 41
PhysioPlus Wuppertal,Nordrhein-Westfalen,42275,Wuppertal,Berliner Str. 39 a/b
PhysioPlusSports,Nordrhein-Westfalen,50859,Köln,Hauptstraße 36-38
PhysioPoint David Pelzer,Rheinland-Pfalz,54343,Föhren,Europa-Allee 8
PhysioPoint Hauger,Baden-Württemberg,77977,Rust,Franz-Sales-Str. 23
"Physio-Praxis Crynen, Inh. Jan Ojeda Suarez",Nordrhein-Westfalen,41366,Schwalmtal,Dülkener Str. 35
Physioserv GmbH,Nordrhein-Westfalen,59423,Unna,Käthe-Kollwitz-Ring 30
Physioteam Reese,Nordrhein-Westfalen,58644,Iserlohn,Untergrünerstr. 208
Physioteam Ute Dütsch,Nordrhein-Westfalen,48369,Saerbeck,Ferriéres-Str. 5
Physioteam Zimmermann,Nordrhein-Westfalen,45888,Gelsenkirchen,Grütershof 8
Physiotherapie Albert Jan Dommerholt,Nordrhein-Westfalen,48734,Reken,Hauptstraße 29
Physiotherapie am Kirchberg,Rheinland-Pfalz,56626,Andernach,Kramgasse 9-11
Physiotherapie an der Birkenallee,Niedersachsen,49076,Osnabrück,Birkenallee 11
Physiotherapie Andreas Schulze,Brandenburg,15848,Beeskow,Radinkendorf 36
Physiotherapie Annabell Schlüter,Nordrhein-Westfalen,59505,Bad Sassendorf,Alleestraße 5
Physiotherapie Arkadius Cichy,Nordrhein-Westfalen,48157,Münster,An der Kleinmannbrücke 52
Physiotherapie Astrid Grap,Brandenburg,16259,Bad Freienwalde,Berliner Str. 1
Physiotherapie Borrmann,Sachsen,9212,Limbach-Oberfrohna,Am Hohen Hain 18
Physiotherapie Brechten,Nordrhein-Westfalen,44339,Dortmund,Evingerstr. 505
Physiotherapie Christoph Koch,Nordrhein-Westfalen,32479,Hille,Mindener Str. 67
Physiotherapie Constance Morgenstern,Sachsen,9114,Chemnitz,Wittgensdorfer Str. 2a
Physiotherapie Dennis Cousen,Nordrhein-Westfalen,44866,Bochum,Voedestr. 69-71
Physiotherapie Doris Wohlgemuth,Niedersachsen,26215,Wiefelstede,Alter Damm 13
Physiotherapie Droudiani,Nordrhein-Westfalen,52064,Aachen,Lütticher Str. 20
Physiotherapie Eichner,Brandenburg,15890,Eisenhüttenstadt,Poststrasse 21
Physiotherapie Engelmayer,Nordrhein-Westfalen,40477,Düsseldorf,Kaiserswerther Str. 20
Physiotherapie Faust,Niedersachsen,26160,Bad Zwischenahn,Seestraße 1
Physiotherapie Florian Zels,Bayern,94107,Untergriesbach,Gottsdorfer Str. 9
Physiotherapie Frank Zwetsloot,Nordrhein-Westfalen,51645,Gummersbach,Kölner Str. 2
Physiotherapie Gabriele Reh,Niedersachsen,30938,Burgwedel,Von-Alten-Str. 21 A
Physiotherapie Glück Auf Bohemann&El-Ashmawy GbR,Nordrhein-Westfalen,44339,Dortmund,Deutsche Straße 7
Physiotherapie Handarbeit,Nordrhein-Westfalen,46282,Dorsten,Marler Straße 3
Physiotherapie Haneke,Nordrhein-Westfalen,32694,Dörentrup,Poststraße 7
Physiotherapie Haustein,Sachsen,1796,Pirna,Straße der Jugend 4
Physiotherapie Hoffbauer,Rheinland-Pfalz,56659,Burgbrohl,Brohltalstraße 79
Physiotherapie in Polle,Niedersachsen,37647,Polle,Burgstraße 1
Physiotherapie Ines Hildebrand,Thüringen,37327,Leinefelde,Ginsterweg 26
Physiotherapie Jan Pieper,Nordrhein-Westfalen,48369,Saerbeck,Grevener Str. 2
Physiotherapie Kaiser,Rheinland-Pfalz,54538,Bausendorf,Mittelflur 2
Physiotherapie Katrin Hofmann,Brandenburg,16845,Neustadt,Segeletzer Str. 10
Physiotherapie Kerstan,Sachsen,4179,Leipzig,Georg-Schwarz-Str. 139/141
Physiotherapie Mandy Otto,Brandenburg,16303,Schwedt,Hans-Beimler-Straße 2
Physiotherapie Marc Henkel,Nordrhein-Westfalen,44805,Bochum,Suitbertweg 2
Physiotherapie Marek Domin,Nordrhein-Westfalen,51149,Köln,Theodor-Heuss-Str. 43-45
Physiotherapie Marion Steitzer,Sachsen-Anhalt,39539,Havelberg,Alte Kirchstrasse 3
Physiotherapie Max Fechner Bewegungsraum,Thüringen,96523,Steinach,Karl-Friedrich-Weigelt Str.5
Physiotherapie Müller,Brandenburg,14913,Jüterbog,Wursthof 6
Physiotherapie Nadine Leonhardt,Brandenburg,4910,Elsterwerda,Packhofstr. 2
Physiotherapie Nähring,Niedersachsen,48480,Spelle,Zur Kampelbrücke 50
Physiotherapie Nohles,Hessen,61276,Weilrod,Heidestraße 56
Physiotherapie Olaf Brandt - Wittstock,Brandenburg,16909,Wittstock,Perleberger Str. 11a
Physiotherapie Piotrowski - Rehasport,Nordrhein-Westfalen,58708,Menden,Am Papenbusch 32
Physiotherapie Promino,Nordrhein-Westfalen,45136,Essen,Rellinghauser Str. 304
Physiotherapie Sagart,Sachsen,4315,Leipzig,Eisenbahnstraße 37
Physiotherapie Sandra Rothe,Thüringen,7318,Saalfeld,Kastanienweg 3
Physiotherapie Schmidt MA-Wallstadt,Baden-Württemberg,68259,Mannheim,Mosbacher Straße 21
Physiotherapie Schwarz & Hofmeister,Sachsen-Anhalt,39167,Irxleben,Am Stadtfeld 2
Physiotherapie Sebastian Malcherczyk,Nordrhein-Westfalen,58239,Schwerte,Friedrich-Hegel Straße 116
Physiotherapie Sonnenberg GmbH,Sachsen,8393,Meerane,Am Bürgergarten 9
Physiotherapie Sonnenschein,Berlin,13086,Berlin,Langhansstraße 110
Physiotherapie Stefanie Kind,Niedersachsen,38543,Hillerse,Hirtenwiese 2
Physiotherapie Sylvia Leimbach,Thüringen,99837,Stadt Werra-Suhl-Tal,Robert-Koch-Str. 14
Physiotherapie T. Granitzki,Sachsen-Anhalt,39307,Genthin,Altenplathower Str. 54
Physiotherapie Thorsten Quadflieg,Rheinland-Pfalz,53572,Unkel,Siebengebirgsstr. 2a
Physiotherapie Timm,Sachsen,2957,Weißkeißel,Weideweg 2
Physiotherapie Vicky Henze,Sachsen-Anhalt,6686,Lützen,Lindenweg 20
Physiotherapie Witzel - Dachwig,Thüringen,99100,Dachwig,Herbslebener Str. 5
Physiotherapiepraxis Dagmar Müller,Niedersachsen,37115,Duderstadt,Ziegeleistr. 6
Physiotherapiepraxis Georg Drenker,Baden-Württemberg,71093,Weil im Schönbuch,Charlottenstraße 7
Physiotherapiepraxis Myriam Cicilano,Nordrhein-Westfalen,58553,Halver,Marktstraße 8
PhysioTherapieZentrum Andreas Bertsch,Thüringen,36466,Dermbach,Dermbacher Straße 21d
Physiowelt,Nordrhein-Westfalen,33829,Borgholzhausen,Hamlingdorfer Weg 1C
Physiozentrum Hörnemann,Nordrhein-Westfalen,48712,Gescher,Katharinenstraße 21
Power Factory GmbH,Berlin,12627,Berlin,Tangermünder Str. 129
Praeventi Institut f. Prävention Therapie und Rehabilitation,Sachsen-Anhalt,38820,Halberstadt,Wehrstedter Str. 48a
Prävention & Sportpraxis,Brandenburg,14548,Schwielowsee,Hauffstraße 90/91
Präventions- und Gesundheitstraining Aachen e.V.,Nordrhein-Westfalen,52062,Aachen,Friedrich-Wilhelm-Platz 5-6
Präventions- und Rehabilitationssport - Thomas Fischer,Nordrhein-Westfalen,33605,Bielefeld,Rosengarten 9a
Präventions- und Rehasportverein Heide e.V.,Schleswig-Holstein,25746,Heide,Waldschlößchenstraße 79
Praxis am Park Betriebsgesellschaft mbH,Nordrhein-Westfalen,41515,Grevenbroich,Ostwall 1b
Praxis Baskan-Gassen & Krumme,Nordrhein-Westfalen,46244,Bottrop,Johann-Breuker-Platz 1b
Praxis Body & Soul,Rheinland-Pfalz,55595,Hüffelsheim,In der Liehwiese 20
Praxis Böttge,Hamburg,22455,Hamburg,Nordalnbingerweg 15
Praxis für Ergotherapie Anika Joswiak,Nordrhein-Westfalen,57368,Lennestadt,Bilsteiner Markt 3
Praxis für Krankengymnastik & Podologie Klein & Swietek GbR,Nordrhein-Westfalen,57334,Bad Laasphe,Sebastian-Kneipp-Str. 10
Praxis für Krankengymnastik Arjen de Regt,Nordrhein-Westfalen,44579,Castrop-Rauxel,Berliner Platz 8
Praxis für Physiotherapie - Rüdiger Dirksen,Nordrhein-Westfalen,59510,Lippetal,Kossberg 1
Praxis für Physiotherapie & med. Training,Nordrhein-Westfalen,48161,Münster,Feldstiege 102
Praxis für Physiotherapie Ann-Christin Henn-Gehlken,Niedersachsen,21244,Buchholz,Buchholzer Landstraße 62
Praxis für Physiotherapie Cornelis Admiraal,Nordrhein-Westfalen,42929,Wermelskirchen,Friedhofstr. 4b
Praxis für Physiotherapie Fabian Unger,Schleswig-Holstein,23769,Fehmarn,Bahnhofstr. 34d
Praxis für Physiotherapie Grit Köllmer,Sachsen-Anhalt,39387,Oschersleben (Bode),Robert-Koch-Straße 4
Praxis für Physiotherapie Henning Putzmann,Nordrhein-Westfalen,46562,Voerde,Alexanderstraße 51a
Praxis für Physiotherapie im Städtischen Krankenhaus Kiel,Schleswig-Holstein,24116,Kiel,Chemnitzstr. 33
Praxis für Physiotherapie Karina & Jan Borutta,Nordrhein-Westfalen,32108,Bad Salzuflen,Auf der Heide 2
Praxis für Physiotherapie Korus Inh.Francesco Scigliano,Nordrhein-Westfalen,59555,Lippstadt,Lippertor 2
Praxis für Physiotherapie Martin Bürger,Nordrhein-Westfalen,32839,Steinheim,Bahnhofsallee 12
Praxis für Physiotherapie Mathias Strampe,Niedersachsen,29328,Faßberg,Neuer Damm 5
Praxis für Physiotherapie Mirco Glaser,Nordrhein-Westfalen,40721,Hilden,Schwanenstraße 5-11
Praxis für Physiotherapie Olaf Blancke,Niedersachsen,26655,Westerstede,An d. Hössen 14
Praxis für Physiotherapie Regina Gonschorek-Greber,Rheinland-Pfalz,55425,Waldalgesheim,Kirchstraße 14
Praxis für Physiotherapie Schmitz & Rosner,Rheinland-Pfalz,54497,Morbach,Bernkastelerstr. 6
"Praxis für Physiotherapie, palliative care und Hippotherapie",Nordrhein-Westfalen,57399,Kirchhundem,Am Bahnhof 3
Praxis Grabenhof,Baden-Württemberg,70734,Fellbach,Hintere Strasse 24
Praxis HandWerk Gbr,Nordrhein-Westfalen,52445,Titz,Von-Leerodt-Straße 26
Praxis ida,Nordrhein-Westfalen,48153,Münster,Dahlweg 112
Praxis Jungwirth & Lerch GbR,Hessen,37284,Waldkappel,Friemer Str. 12
Praxis Serry,Nordrhein-Westfalen,47799,Krefeld,Bismarckstraße 39
Praxis Zappelphilipps,Nordrhein-Westfalen,40764,Langenfeld,Kirchstr. 30
Pro Rehab Schnitzler,Nordrhein-Westfalen,58300,Wetter,Hochstraße 16
pro-physio,Nordrhein-Westfalen,58095,Hagen,Elberfelder Str. 55
ProPhysio GmbH,Niedersachsen,21339,Lüneburg,Stöteroggestr. 71
ProVital'is - Gesundheitsstudio,Niedersachsen,27476,Cuxhaven,Kurparkallee 53
ReAktiv - medical fitness,Hessen,63512,Hainburg,Daimlerstr. 8
Reha & Sport Factory,Rheinland-Pfalz,67105,Schifferstadt,Hauptstr. 22a
Reha fit & fun,Nordrhein-Westfalen,45699,Herten,Antoniusplatz 2
Reha Minden e.V.,Nordrhein-Westfalen,32425,Minden,Kutenhauser Str. 13
Reha Team Unna GmbH,Nordrhein-Westfalen,59425,Unna,Hammer Straße 4-16
Reha- und Gesundheitssport Berlin-Marzahn e.V.,Berlin,12687,Berlin,Trusetaler Str. 35
Reha- und Gesundheitssport Bremen e.V.,Bremen,28207,Bremen,Fleetrade 51
Reha- und Gesundheitssport Lauchdorf e. V.,Bayern,87719,Mindelheim,Kaufbeurer Str. 31
Reha- und Gesundheitsstützpunkt Bocholt e.V.,Nordrhein-Westfalen,46395,Bocholt,Im Königsesch 12
Reha Viersen Sport e.V.,Nordrhein-Westfalen,41751,Viersen,Lindenallee 5b
Reha Zentrum Niederrhein / Emmerich,Nordrhein-Westfalen,46446,Emmerich,Willibrordstrasse 9
rehaaktiv-os Gesundheitszentrum Schinkelbad,Niedersachsen,49084,Osnabrück,Im Wegrott 37
rehabewegt e. V.,Bayern,85276,Pfaffenhofen,Raiffeisenstr. 30
Rehacenter Lünen Brambauer GmbH,Nordrhein-Westfalen,44536,Lünen,Brechtener Str. 57
RehaCura,Baden-Württemberg,71691,Freiberg am Neckar,Kleines Wegle 4
REHA-FIT Gesundheitszentrum Rain,Bayern,86641,Rain,Spitalgasse 10
RehaFit Mettingen e.V.,Nordrhein-Westfalen,49497,Mettingen,Bischofstraße 1
Reha-Fitness-Gesundheit - Schäfer & Schäfer Physio GbR,Rheinland-Pfalz,67655,Kaiserslautern,Lutrinastraße 27
REHAMED Kaiserslautern,Rheinland-Pfalz,67659,Kaiserslautern,Maxstr. 7
Rehamed Rehazentrum Hameln GmbH,Niedersachsen,31785,Hameln,Elsa-Buchwitz-Str. 2
Reha-Natura e.V.,Nordrhein-Westfalen,58313,Herdecke,Zur alten Schule 2
RehaNord,Brandenburg,15344,Strausberg,Prötzeler Chaussee 5
Rehasport am Wiehenpark,Nordrhein-Westfalen,32289,Rödinghausen,Westerbergstr. 35
Rehasport Biggesee e.V.,Nordrhein-Westfalen,57462,Olpe,Imbergstr. 36
Reha-Sport Breitenbach e.V.,Rheinland-Pfalz,66916,Breitenbach,Lautenbacher Str.27
Rehasport Frintrop e.V.,Nordrhein-Westfalen,45359,Essen,Frintroper Str. 597
Rehasport Hochsauerland e.V.,Nordrhein-Westfalen,59929,Brilon,Möhnestraße 40a
Rehasport im fit & feminin,Berlin,12589,Berlin,Füstenwalder Allee 318
Reha-Sport med GmbH,Nordrhein-Westfalen,32049,Herford,Hansastr. 26
Rehasport Nordhorn e.V.,Niedersachsen,48527,Nordhorn,Buschkamp 3
Rehasport P. Eberhardt,Thüringen,37355,Niederorschel,Roteberg 10
Rehasport Toonen,Nordrhein-Westfalen,42555,Velbert,Bonsfelder Straße 21
Rehasport- und Trainingszentrum te Beest,Nordrhein-Westfalen,46414,Rhede,Bahnhofstraße 36a
Rehasport Verein Bergisch-Land e.V.,Nordrhein-Westfalen,51688,Wipperfürth,Im Siepen 59
Reha-Sport-Bildung e.V. ZENTRALE,Thüringen,99189,Elxleben,Osterlange 13
Rehasport-Bodensee Konstanz e.V.,Baden-Württemberg,78462,Konstanz,Bodanstraße 1-3
Reha-Sportclub-Aktiv Weißenfels e.V.,Sachsen-Anhalt,6667,Weißenfels,Leipziger Straße 11
Reha-Sportgemeinschaft Kreis Steinfurt e.V.,Nordrhein-Westfalen,48268,Greven,In den Bergen 30
Rehasportplus e.V.,Rheinland-Pfalz,56072,Koblenz,Am Sportplatz 3
Rehasport-Schwerin e.V.,Mecklenburg-Vorpommern,19053,Schwerin,Lübecker Straße 51
Rehasportverein Neuenstadt-Stein e.V.,Baden-Württemberg,74196,Neuenstadt,Otto-Neumeister-Str. 13
REHA-TRAINING Gesundheitsförderung GbR,Nordrhein-Westfalen,51375,Leverkusen,Am Gesundheitspark 2
Rehavital Gesundheitssport e.V.,Bayern,84030,Ergolding,Festplatzstr. 17
RehaVitalisPlus e.V.,Nordrhein-Westfalen,40589,Düsseldorf,Professor-Oehler-Straße 7
"Rehazen, Gesundheits-, Funktionstraining & RehaSport e.V.",Nordrhein-Westfalen,52146,Würselen,Neuhauser Str. 48
Rehazentrum mediaktiv. e.V.,Nordrhein-Westfalen,58636,Iserlohn,An der Isenburg 15
Rehazentrum SALUTARIS GmbH & Co. KG,Nordrhein-Westfalen,32756,Detmold,Röntgenstr. 16
Reha-Zentrum und Physiotherapie Grahl,Nordrhein-Westfalen,33154,Salzkotten,An der Burg 1
RGB GmbH,Nordrhein-Westfalen,46395,Bocholt,Franzstraße 115
Richrather Sportverein 08 e.V.,Nordrhein-Westfalen,40764,Langenfeld,Kaiserstraße 19a
RTZ Regionales Therapie-Zentrum GmbH,Nordrhein-Westfalen,42109,Wuppertal,Vogelsangstr. 106
Ruhr Sports,Nordrhein-Westfalen,45257,Essen,Hinsbecker Löh 32
Rundum Gesund,Berlin,13435,Berlin,Wittenauer Straße 9
S.K.Physio-Service GmbH,Thüringen,4610,Meuselwitz,Zeitzer Str.44
Sabine Meyer,Rheinland-Pfalz,56379,Singhofen,Schwimmbadstraße 17
Salutaris Schötmar,Nordrhein-Westfalen,32108,Bad Salzuflen,Heldmanstraße 45
Sana Kliniken Düsseldorf GmbH,Nordrhein-Westfalen,40625,Düsseldorf,Gräulinger Str. 120
Sandra Gäbler RehaVital Sport und Therapie,Thüringen,7747,Jena,Karl-Marx-Allee 26
Sanitätshaus Lang GmbH RZD Rehazentrum Dinslaken,Nordrhein-Westfalen,46539,Dinslaken,Krengelstr. 116-118
Sanus Gesundheitszentrum,Thüringen,36433,Moorgrund,Kisselstr. 7
Scharf Fitness & Health GmbH,Brandenburg,15537,Erkner,Friedrichstraße 1-3
Schwefelbad Steinbeck Helmut Determeyer,Nordrhein-Westfalen,49509,Recke,Bad  40
Sebastian Höhnlein - Physiotherapie,Baden-Württemberg,97941,Tauberbischofsheim,Albert-Schweitzer-Str. 2a
SG Langenfeld e.V.,Nordrhein-Westfalen,40764,Langenfeld,Langforter Str. 72
SISSFIT UG,Nordrhein-Westfalen,47574,Goch,Triftstraße 53
SLsports,Baden-Württemberg,73230,Kirchheim,Marie-Curie-Str. 29
Solemed RSV e.V.,Sachsen,4703,Leisnig,Chemnitzer Str. 18
Soma Fitness UG und Co.KG,Nordrhein-Westfalen,33334,Gütersloh,Dieselstraße 41
Sport & Office CKI GmbH,Nordrhein-Westfalen,53119,Bonn,Lievelingsweg 102
Sport Club Siemensstadt Berlin e.V.,Berlin,13629,Berlin,Buolstraße 14
Sport Lounge Munte GmbH,Bremen,28213,Bremen,Zur Munte 23-25
Sport PLUS Reha Westerwald e.V.,Rheinland-Pfalz,56237,Nauort,Alter Garten 1
Sport- und Gesundheitszentrum Altenessen e.V.,Nordrhein-Westfalen,45326,Essen,Altenessenerstr. 393
Sport- und Leistungszentrum Thüringen,Thüringen,98693,Ilmenau,"Am Vogelherd 10, Tor 6"
Sportgemeinschaft Kaarst 1912/35 e.V.,Nordrhein-Westfalen,41564,Kaarst,Pestalozzistr.3a
Sporthaus e.V.,Nordrhein-Westfalen,45130,Essen,Witteringstr. 18
Sporting Leipzig Altenburg e.V.,Sachsen,4289,Leipzig,Mattheuerbogen 6
Sportpark am See Fitness-Center GmbH,Nordrhein-Westfalen,51674,Wiehl,Am Hans-Teich 18
Sport-REHA GmbH Berlin,Berlin,12681,Berlin,Alte Rhinstraße 16
Sports For Good Frederik Göllner,Niedersachsen,31582,Nienburg,Hannoversche Str. 32
sports-and-community GmbH,Rheinland-Pfalz,56112,Lahnstein,Hermsdorfer Str. 3a
Sportschule TAO,Niedersachsen,26607,Aurich,Hoher Berg 19
Sportstudio Nippon,Berlin,12167,Berlin,Mittelstr. 34
Sportstudio Westend GbR,Sachsen,8523,Plauen,L.-F.-Schönherr-Str. 32
Sporttherapie Flach,Sachsen,4720,Döbeln,Pappelweg 6
Spürbar Gesundheitstraining,Nordrhein-Westfalen,44388,Dortmund,Volksgartenstr. 11
St. Josefs-Hospital Cloppenburg gGmbH,Niedersachsen,49661,Cloppenburg,Krankenhausstraße 13
Städtisches Krankenhaus Heinsberg GmbH,Nordrhein-Westfalen,52525,Heinsberg,Auf dem Brand 1
STRAIGHT Fitness GmbH,Thüringen,99310,Arnstadt,A.-Paul-Weber-Straße 3
SV Chattia1921 Ulrichstein,Hessen,35327,Ulrichstein,Brauwiesenstraße 2
SV Germania Hauenhorst 1930 e.V.,Nordrhein-Westfalen,48432,Rheine,Hessenweg 1
SyRa-fit,Brandenburg,14641,Nauen,Karl-Thon-Str. 48
T&T Fitness- & Gesundheitsstudio,Mecklenburg-Vorpommern,18273,Güstrow,Neukruger Str. 63
tabbs vital GmbH,Thüringen,99891,Bad Tabarz,Schwimmbadweg 10
Taikosports Gesundheits- & Reha Sportpark Tolksdorf,Nordrhein-Westfalen,46045,Oberhausen,Mülheimerstr. 128
Tanzsportclub Castell-Lippstadt e. V,Nordrhein-Westfalen,59555,Lippstadt,AmTiergarten 13
Team Enge - Reha-und Gesundheitssport vor Ort,Nordrhein-Westfalen,48429,Rheine,Gustav-Heinemann Str. 53
Temple Gym Lars und Marc Fischbach GbR,Nordrhein-Westfalen,48703,Stadtlohn,Südlohner Weg 36
Thbd. Wiesenbad Gesellschaft für Kur und Rehabilitation mbH,Sachsen,9488,Thermalbad Wiesenbad,Freiberger Straße 33
Therafit Katholisches Krankenhaus Dortmund West,Nordrhein-Westfalen,44379,Dortmund,Zollernstr. 40
TheraMedic Physiotherapiezentrum GbR,Sachsen,9126,Chemnitz,Zschopauer Straße 105
Therapie & Fitnesszentrum Klöckner KG,Baden-Württemberg,79183,Waldkirch,Schusterstr. 4-8
Therapie mit Konzept Thorsten Marr,Nordrhein-Westfalen,58239,Schwerte,Bergstraße 7
Therapie- und Bewegungszentrum Optenberg und Heckmann GbR,Bayern,88161,Lindenberg,Hauptstraße 17
Therapie- und Präventionszentrum Christin Geißler-Schmidt,Sachsen,1307,Dresden,Comeniusstr. 32
Therapie und Präventionszentrum Ibbenbüren,Nordrhein-Westfalen,49477,Ibbenbüren,Rheiner Straße 8
Therapie- und Rehazentrum Bottwartal GmbH,Baden-Württemberg,71723,Großbottwar,Heilbronner Str. 39/41
Therapie- und Rehazentrum Hameln GmbH,Niedersachsen,31785,Hameln,Elsa-Buchwitz-Straße 2
Therapie und Sport Barssel,Niedersachsen,26676,Barssel,Westmarkstr. 2
Therapie- und Trainingszentrum Engel,Rheinland-Pfalz,54516,Wittlich,Römerstr. 37
Therapiebad im Holthues Hoff ug,Nordrhein-Westfalen,48683,Ahaus,Fuistingstrasse 37
TherapieCenter-Marl GbR,Nordrhein-Westfalen,45772,Marl,Victoriastr. 59
Therapiehaus Vulkaneifel,Rheinland-Pfalz,53539,Kelberg,Dauner Straße 17
Therapiezemtrum für dütt un dat,Niedersachsen,27305,Bruchhausen-Vilsen,Graf-Ludolf-Str. 5-7
Therapiezentrum AKH Ambulant gGmbH,Niedersachsen,29223,Celle,Siemensplatz 4
Therapiezentrum am Bült GmbH,Nordrhein-Westfalen,48143,Münster,Bült 13
Therapiezentrum Düsseldorf Döpfer GmbH,Nordrhein-Westfalen,40229,Düsseldorf,Gumbertstraße 180-182
Therapiezentrum Gevelsberg,Nordrhein-Westfalen,58285,Gevelsberg,Mühlenstr. 25
Therapie-Zentrum Grünstadt e.K.,Rheinland-Pfalz,67269,Grünstadt,Lise-Meitner-Straße 2
Therapiezentrum MediCor,Niedersachsen,49324,Melle,Riemsloher Str. 5
Therapiezentrum Schmidt -In Balance -,Rheinland-Pfalz,55606,Kirn,Sulzbacher Straße 67a
Therapiezentrum Thierbach Standort Königs Wusterhausen,Brandenburg,15711,Königs Wusterhausen,Heinrich-Heine-Str. 58
Therapiezentrum Versmold,Nordrhein-Westfalen,33775,Versmold,Knetterhauser Str. 27
TherapieZentrum Wedel Gabriele Wilde,Schleswig-Holstein,22880,Wedel,Rosengarten 5-9
Therapiezentrum Wirtz,Nordrhein-Westfalen,52146,Würselen,Sebastianusstr. 27
TheraVio Kidz,Niedersachsen,31789,Hameln,Barchusen 1
Torben Piwarz,Niedersachsen,30519,Hannover,Eichelkampstraße 57
Tripada Akademie für Gesundheit und Yoga,Nordrhein-Westfalen,42103,Wuppertal,Hofaue 63
TSV Hochdahl 64 e.V.,Nordrhein-Westfalen,40699,Erkrath,Sedentaler Str. 107a
Turnverein Ibbenbüren 1860 e.V.,Nordrhein-Westfalen,49479,Ibbenbüren,Wilhelmstraße 263
TUS Norderney e.V.,Niedersachsen,26548,Norderney,An der Mühle 15
UnixX Sports GmbH,Rheinland-Pfalz,55232,Alzey,Justus-von-Liebigstr. 13
Upgreat Physiologisches Fitnesstraining,Saarland,66121,Saarbrücken,Schneidershof 1
Vamed Klinik Bad Ems GmbH,Rheinland-Pfalz,56130,Bad Ems,Viktoriaallee 27
Verein für Rehasport und Gesundheitstraining Jena e.V.,Thüringen,7743,Jena,Johann-Friedrich-Str. 26
Vesalius THZ GbR,Baden-Württemberg,73240,Wendlingen,Wertstr.8
VfRG e.V.,Nordrhein-Westfalen,46047,Oberhausen,Im Lipperfeld 40
VGR Münster e.V.,Nordrhein-Westfalen,48159,Münster,Grevener Straße 182
via vital,Baden-Württemberg,68723,Schwetzingen,Südtangente 3
VIALIFE ARZ Aachen,Nordrhein-Westfalen,52066,Aachen,Benediktiner Str. 23
vialife Prävention GmbH,Nordrhein-Westfalen,52066,Aachen,Benediktinerstr.23
View24,Hessen,36304,Alsfeld,Hersfelderstraße 77
Visalis Therapiezentrum,Nordrhein-Westfalen,46485,Wesel,Schermbecker Landstraße 88
Visiolife Group GmbH,Nordrhein-Westfalen,53227,Bonn,Rheinwerkallee 3
Vita activa Gesundheitssport & Reha e.V.,Nordrhein-Westfalen,58239,Schwerte,Labuissierestraße 33
Vita Reha GmbH,Nordrhein-Westfalen,44534,Lünen,Merschstraße 20-22
Vita Reha in Hamm GmbH,Nordrhein-Westfalen,59071,Hamm,Alter Uentroper Weg 53
"Vita Reha, Reha- und Gesundheitssport Steinfurt e.V.",Nordrhein-Westfalen,48565,Steinfurt,Gerichtstraße 3a
Vitakonzept GmbH,Nordrhein-Westfalen,58452,Witten,Bahnhofstraße 73
Vital am Schweriner See UG,Mecklenburg-Vorpommern,19065,Raben Steinfeld,Residence Park 5-7
Vital GmbH,Niedersachsen,26125,Oldenburg,Felix-Wankel-Str. 1
Vitalien Fitness & Wellness GmbH,Schleswig-Holstein,24837,Schleswig,Stadtfeld 2
Vitalis AktivGesund,Nordrhein-Westfalen,33649,Bielefeld,Linzer Straße 6 A
Vitalis Gesundheitszentrum,Baden-Württemberg,74613,Öhringen,Altstadt 34
Vitalpark Solms,Hessen,35606,Burgsolms,Solmser Gewerbepark 8
Vitasport,Niedersachsen,38723,Seesen,Bornhäuser Straße 2
Volkssolidarität Elbtalkreis Meissen e.V.,Sachsen,1445,Radebeul,Serkowitzer Str.31
Vollfitness Unlimited Pankow GmbH,Berlin,13189,Berlin,Neumannstr. 13
VSG Menden e.V.,Nordrhein-Westfalen,58706,Menden,Landwehr 38a
Wellness-Garden GmbH,Nordrhein-Westfalen,47178,Duisburg,Kaiserstr. 312a
wellvita Ahaus,Nordrhein-Westfalen,48683,Ahaus,Am Aabach 28
Wesertalpraxis Rumbeck,Niedersachsen,31840,Hessisch Oldendorf,Westerholtreede 6
Wins.fit GmbH,Mecklenburg-Vorpommern,19063,Schwerin,Am Hang 32
Wittenberge Bäder GmbH,Brandenburg,19322,Wittenberge,An der Schwimmhalle 5b
Womensport Arabesque,Baden-Württemberg,73312,Geislingen,Römerstraße 7
Xtra Fit-Line GmbH,Nordrhein-Westfalen,33378,Rheda-Wiedenbrück,Pilgerpatt 5
Yoga-Oase-Blum,Hessen,36100,Petersberg,Am Tannenküppel 1
Yogaschule Susann Vogel,Baden-Württemberg,71083,Herrenberg,Mozartstr. 10
ZAR Kaiserslautern GmbH,Rheinland-Pfalz,67657,Kaiserslautern,Europaallee 1
Zentrum für Gesundheitsförderung am Marienhospital Aachen,Nordrhein-Westfalen,52066,Aachen,Zeise 4
Zentrum für Physiotherapie GmbH,Nordrhein-Westfalen,33609,Bielefeld,Eckendorfer Str. 91-93
Zentrum für Physiotherapie und Prävention Matthias Lehneis,Hessen,63322,Rödermark,Dieburger Straße 135
ZWANZIG-NEUN-FÜNF GmbH,Nordrhein-Westfalen,45127,Essen,Am Handelshof 1
ZWANZIG-NEUN-FÜNF Mülheim GmbH,Nordrhein-Westfalen,45468,Mülheim an der Ruhr,Schloßstr. 22